DBN,Attendance
01M015,92.57%
01M019,90.55%
01M020,92.06%
01M034,88.45%
01M063,90.80%
01M064,88.60%
01M110,93.83%
01M134,89.30%
01M140,88.49%
01M142,90.56%
01M184,97.55%
01M188,87.78%
01M292,91.80%
01M315,94.58%
01M332,91.73%
01M361,91.76%
01M363,93.43%
01M364,93.01%
01M378,89.18%
01M448,91.21%
01M450,94.71%
01M458,53.34%
01M509,79.69%
01M515,74.38%
01M539,93.33%
01M650,57.98%
01M696,95.03%
01M839,95.07%
02M001,94.24%
02M002,96.32%
02M003,93.50%
02M006,95.48%
02M011,94.87%
02M033,92.82%
02M040,95.65%
02M041,95.84%
02M042,97.08%
02M047,90.00%
02M051,91.32%
02M059,95.68%
02M077,96.76%
02M089,96.14%
02M104,96.46%
02M111,91.45%
02M114,97.38%
02M116,94.21%
02M124,97.81%
02M126,96.73%
02M130,97.96%
02M131,97.28%
02M135,86.15%
02M139,84.53%
02M150,96.00%
02M151,93.17%
02M158,95.21%
02M167,95.86%
02M177,94.94%
02M183,95.77%
02M198,94.38%
02M212,94.74%
02M217,95.02%
02M225,93.16%
02M234,95.58%
02M255,97.20%
02M260,92.49%
02M267,95.39%
02M276,95.47%
02M280,89.33%
02M281,94.72%
02M282,89.17%
02M288,88.01%
02M289,96.92%
02M290,95.55%
02M294,88.73%
02M296,84.26%
02M297,94.24%
02M298,87.04%
02M300,81.48%
02M303,80.19%
02M305,85.26%
02M308,86.54%
02M312,98.17%
02M313,67.49%
02M316,81.17%
02M340,94.33%
02M343,95.59%
02M347,90.38%
02M374,83.98%
02M376,94.84%
02M392,84.99%
02M393,85.73%
02M394,92.18%
02M397,95.01%
02M399,83.35%
02M400,86.25%
02M407,90.87%
02M408,89.95%
02M411,96.18%
02M412,94.16%
02M413,93.56%
02M414,93.21%
02M416,96.39%
02M418,96.87%
02M419,80.19%
02M420,92.03%
02M422,83.92%
02M425,83.35%
02M427,86.33%
02M432,80.78%
02M437,82.60%
02M438,88.68%
02M439,98.12%
02M442,96.65%
02M449,87.25%
02M459,87.69%
02M475,96.93%
02M489,89.92%
02M500,80.84%
02M507,92.38%
02M519,91.02%
02M520,76.58%
02M527,95.62%
02M529,78.00%
02M531,91.06%
02M533,88.05%
02M534,86.28%
02M542,90.61%
02M543,82.86%
02M544,53.16%
02M545,98.46%
02M546,89.53%
02M550,85.85%
02M551,88.86%
02M560,43.79%
02M565,93.83%
02M570,55.53%
02M575,72.89%
02M580,90.54%
02M586,69.66%
02M600,90.39%
02M605,84.09%
02M615,85.77%
02M630,89.57%
02M655,77.48%
02M896,96.68%
02M933,91.32%
03M009,95.64%
03M054,96.45%
03M075,93.45%
03M076,88.81%
03M084,93.62%
03M087,95.55%
03M145,87.93%
03M149,93.47%
03M163,93.54%
03M165,90.97%
03M166,96.20%
03M180,90.48%
03M185,91.21%
03M191,90.71%
03M199,96.01%
03M241,92.00%
03M242,90.37%
03M243,97.29%
03M245,96.21%
03M247,95.34%
03M250,91.26%
03M256,92.42%
03M258,92.86%
03M291,94.64%
03M299,81.42%
03M307,85.15%
03M333,94.13%
03M334,97.38%
03M402,81.96%
03M403,85.73%
03M404,65.87%
03M415,83.11%
03M417,91.62%
03M421,91.20%
03M452,94.35%
03M479,96.85%
03M485,95.15%
03M492,85.78%
03M494,80.47%
03M505,54.51%
03M541,97.41%
03M859,94.07%
03M860,78.61%
03M862,95.39%
04M007,87.51%
04M012,96.87%
04M037,90.10%
04M038,88.54%
04M057,90.50%
04M072,89.14%
04M083,92.27%
04M096,90.10%
04M102,89.74%
04M108,88.49%
04M112,89.12%
04M146,90.26%
04M155,91.14%
04M171,92.35%
04M182,91.28%
04M206,92.00%
04M224,94.32%
04M310,59.67%
04M372,85.61%
04M375,86.20%
04M377,91.91%
04M435,94.04%
04M495,94.20%
04M497,92.67%
04M555,96.87%
04M610,90.66%
04M680,88.50%
04M825,92.75%
04M964,92.07%
05M030,89.70%
05M036,89.53%
05M046,88.29%
05M092,89.10%
05M123,90.24%
05M125,90.63%
05M129,88.46%
05M133,88.88%
05M148,82.90%
05M154,90.54%
05M157,76.34%
05M161,90.01%
05M175,90.19%
05M194,91.64%
05M197,88.18%
05M200,86.20%
05M285,58.75%
05M286,86.25%
05M304,84.79%
05M318,91.01%
05M362,90.62%
05M369,82.45%
05M499,85.09%
05M514,84.57%
05M517,94.32%
05M670,88.09%
05M692,95.31%
06M004,91.53%
06M005,91.69%
06M008,93.24%
06M018,94.15%
06M028,92.21%
06M048,93.57%
06M052,91.94%
06M098,90.82%
06M103,95.37%
06M115,90.19%
06M128,91.28%
06M132,93.22%
06M143,91.94%
06M152,91.93%
06M153,92.61%
06M173,92.17%
06M178,94.67%
06M187,94.84%
06M189,92.30%
06M192,91.14%
06M209,94.09%
06M210,93.59%
06M211,83.22%
06M223,95.33%
06M278,94.57%
06M293,90.40%
06M311,95.62%
06M314,95.74%
06M319,95.50%
06M322,92.26%
06M324,92.96%
06M328,88.66%
06M346,82.63%
06M348,88.54%
06M349,93.10%
06M366,93.24%
06M368,93.26%
06M423,77.00%
06M462,81.90%
06M463,89.51%
06M467,80.53%
06M468,88.79%
06M513,94.47%
06M528,97.11%
06M540,85.34%
06M552,91.37%
07X001,89.44%
07X005,89.58%
07X018,89.91%
07X025,90.98%
07X029,90.11%
07X030,89.37%
07X031,92.03%
07X043,89.87%
07X049,91.40%
07X065,87.82%
07X151,88.74%
07X154,92.79%
07X157,88.30%
07X161,89.01%
07X179,89.10%
07X221,89.09%
07X223,89.75%
07X224,89.10%
07X259,85.30%
07X277,88.14%
07X296,90.00%
07X298,90.26%
07X334,88.91%
07X343,92.66%
07X359,92.95%
07X369,92.11%
07X379,53.20%
07X381,56.97%
07X427,80.78%
07X473,76.58%
07X495,93.83%
07X500,87.94%
07X522,80.64%
07X527,85.53%
07X548,82.20%
07X551,82.54%
07X557,56.54%
07X584,89.52%
07X600,86.51%
07X670,82.16%
08X014,93.01%
08X036,93.21%
08X048,89.63%
08X062,89.69%
08X069,92.01%
08X071,92.97%
08X072,90.07%
08X075,90.62%
08X093,89.42%
08X100,89.89%
08X101,94.59%
08X107,88.28%
08X119,91.87%
08X123,91.99%
08X130,90.39%
08X131,91.36%
08X138,89.72%
08X140,89.80%
08X146,89.87%
08X152,92.47%
08X182,92.38%
08X269,85.19%
08X282,78.87%
08X293,83.55%
08X301,88.03%
08X302,90.58%
08X304,92.82%
08X312,83.62%
08X320,83.05%
08X333,89.55%
08X337,92.89%
08X348,83.58%
08X349,82.48%
08X367,84.26%
08X371,91.43%
08X375,90.22%
08X376,82.86%
08X377,60.44%
08X392,91.75%
08X405,85.33%
08X424,91.62%
08X432,84.35%
08X448,92.15%
08X452,80.05%
08X467,89.32%
08X519,100.00%
08X530,81.81%
08X537,53.11%
08X558,82.00%
08X559,70.25%
08X561,83.35%
08X562,92.20%
08X583,88.96%
09X004,87.63%
09X011,89.54%
09X022,92.90%
09X028,90.19%
09X035,92.56%
09X042,92.86%
09X053,89.51%
09X055,90.43%
09X058,88.37%
09X063,89.86%
09X070,89.71%
09X073,88.64%
09X088,91.34%
09X109,88.88%
09X110,91.77%
09X114,91.35%
09X117,90.44%
09X126,89.67%
09X128,93.82%
09X132,88.85%
09X163,93.36%
09X170,91.76%
09X199,91.33%
09X204,92.94%
09X215,91.47%
09X218,93.12%
09X219,88.54%
09X227,84.61%
09X229,88.29%
09X231,87.58%
09X232,90.77%
09X236,93.02%
09X241,84.07%
09X250,88.58%
09X252,83.93%
09X260,91.37%
09X263,81.50%
09X274,84.84%
09X294,92.60%
09X297,84.90%
09X303,93.09%
09X311,91.67%
09X313,91.52%
09X323,88.23%
09X324,89.66%
09X327,85.13%
09X328,91.54%
09X329,84.73%
09X339,91.62%
09X350,66.52%
09X361,93.86%
09X365,88.64%
09X403,79.91%
09X404,73.40%
09X412,82.87%
09X413,88.95%
09X443,91.26%
09X449,92.01%
09X454,92.22%
09X457,90.13%
09X505,88.46%
09X517,76.59%
09X525,78.78%
09X543,76.67%
09X555,94.30%
09X564,84.40%
09X568,88.31%
09X593,94.48%
09X594,90.20%
10X003,91.73%
10X007,95.77%
10X008,91.44%
10X009,90.19%
10X015,93.71%
10X020,90.71%
10X023,89.49%
10X024,95.16%
10X032,90.49%
10X033,90.17%
10X037,89.86%
10X045,90.36%
10X046,90.81%
10X051,92.32%
10X054,93.33%
10X056,92.81%
10X059,89.71%
10X077,92.04%
10X080,92.77%
10X081,93.44%
10X085,91.80%
10X086,92.71%
10X091,91.40%
10X094,90.57%
10X095,91.09%
10X118,91.18%
10X141,89.65%
10X159,91.02%
10X205,92.26%
10X206,90.45%
10X207,90.81%
10X209,93.61%
10X213,78.97%
10X225,83.20%
10X226,93.52%
10X228,98.08%
10X237,79.25%
10X243,86.27%
10X244,92.42%
10X246,91.68%
10X254,91.54%
10X264,84.58%
10X268,85.26%
28Q196,95.79%
10X279,93.57%
10X280,91.83%
10X284,78.32%
10X291,90.98%
10X306,92.21%
10X307,94.87%
10X308,92.77%
10X310,92.74%
10X315,92.55%
10X319,68.63%
10X331,94.22%
10X340,91.44%
10X342,87.58%
10X344,93.96%
10X351,76.08%
10X353,91.34%
10X360,90.33%
10X363,92.94%
10X368,88.59%
10X374,85.02%
10X382,91.67%
10X386,93.39%
10X390,94.88%
10X391,91.75%
10X396,94.16%
10X397,79.34%
10X433,84.43%
10X434,89.08%
10X437,91.28%
10X438,94.33%
10X439,87.43%
10X440,82.34%
10X442,91.93%
10X445,96.85%
10X447,93.83%
10X459,89.72%
10X477,93.08%
10X524,87.65%
10X546,80.49%
10X549,88.59%
10X565,83.05%
10X696,96.25%
11X016,89.04%
11X019,94.34%
11X021,90.53%
11X041,90.56%
11X068,91.83%
11X076,91.52%
11X078,90.30%
11X083,94.63%
11X087,92.42%
11X089,91.97%
11X096,91.27%
11X097,93.36%
11X103,89.38%
11X105,91.50%
11X106,92.30%
11X108,94.66%
11X111,89.46%
11X112,90.79%
11X121,92.06%
11X127,93.57%
11X144,90.14%
11X153,95.21%
11X160,94.08%
11X169,92.57%
11X175,95.17%
11X178,93.09%
11X180,94.74%
11X181,93.38%
11X189,91.97%
11X194,93.85%
11X249,93.89%
11X253,83.26%
11X265,80.95%
11X270,82.04%
11X275,87.34%
11X287,89.14%
11X288,89.06%
11X290,89.66%
11X299,84.17%
11X326,91.40%
11X355,91.77%
11X357,92.76%
11X370,91.23%
11X418,83.04%
11X455,89.17%
11X462,92.00%
11X468,92.35%
11X481,92.58%
11X483,90.25%
11X498,94.44%
11X508,85.12%
11X509,89.97%
11X513,89.81%
11X514,90.69%
11X529,92.76%
11X532,91.76%
11X542,88.68%
11X544,85.78%
11X545,75.34%
11X556,90.24%
11X566,90.50%
11X567,90.87%
12X006,88.42%
12X044,89.38%
12X047,92.84%
12X057,88.84%
12X061,91.77%
12X066,89.77%
12X067,88.99%
12X092,100.00%
12X098,85.22%
12X129,91.46%
12X134,88.89%
12X150,90.16%
12X190,91.22%
12X195,91.40%
12X196,92.93%
12X211,95.03%
12X212,90.16%
12X214,89.57%
12X217,90.30%
12X242,87.20%
12X248,77.47%
12X251,81.89%
12X267,86.55%
12X271,82.83%
12X273,89.19%
12X286,92.04%
12X300,90.41%
12X314,91.13%
12X316,92.64%
12X318,90.05%
12X321,100.00%
12X341,90.88%
12X383,88.83%
12X388,86.86%
12X446,72.20%
12X458,93.85%
12X463,92.85%
12X478,89.02%
12X479,80.66%
12X480,61.25%
12X511,84.87%
12X521,81.76%
12X531,89.82%
12X536,91.15%
12X550,85.50%
12X595,86.07%
12X682,79.16%
12X684,77.94%
12X691,92.75%
13K003,89.27%
13K008,94.97%
13K009,94.23%
13K011,94.48%
13K020,91.68%
13K044,87.58%
13K046,86.91%
13K054,88.67%
13K056,91.30%
13K067,90.25%
13K093,85.90%
13K113,91.57%
13K133,93.69%
13K256,87.82%
13K265,77.71%
13K266,91.57%
13K270,88.36%
13K282,91.51%
13K287,88.15%
13K301,88.91%
13K305,87.32%
13K307,89.95%
13K313,93.26%
13K350,80.79%
13K351,90.25%
13K412,84.30%
13K419,91.17%
13K430,95.09%
13K439,90.55%
13K483,88.69%
13K492,95.78%
13K499,69.76%
13K527,84.97%
13K553,59.33%
13K594,80.43%
13K595,92.10%
13K605,88.55%
13K616,46.29%
13K670,89.09%
13K674,91.06%
13K691,86.89%
14K016,90.16%
14K017,90.74%
14K018,89.71%
14K023,87.50%
14K031,93.63%
14K034,94.06%
14K050,92.11%
14K059,88.30%
14K071,84.29%
14K084,92.64%
14K110,94.49%
14K120,91.34%
14K126,91.03%
14K132,93.54%
14K147,90.17%
14K157,91.42%
14K196,90.99%
14K250,91.84%
14K257,92.04%
14K297,89.21%
14K318,94.51%
14K319,91.52%
14K380,92.61%
14K414,94.25%
14K449,93.86%
14K454,85.16%
14K474,78.32%
14K477,73.03%
14K478,85.13%
14K488,83.95%
14K558,92.32%
14K561,90.63%
14K577,95.27%
14K582,91.01%
14K586,79.25%
14K610,83.51%
14K614,85.51%
14K685,82.15%
15K001,94.38%
15K010,95.27%
15K015,91.36%
15K024,93.83%
15K029,96.16%
15K032,93.64%
15K038,91.45%
15K039,96.05%
15K051,97.10%
15K058,95.36%
15K088,93.05%
15K094,96.97%
15K107,95.52%
15K118,94.80%
15K124,92.90%
15K130,94.74%
15K131,94.93%
28Q206,93.66%
15K136,93.95%
15K146,94.07%
15K154,96.27%
15K169,96.10%
15K172,94.81%
15K230,94.56%
15K261,93.89%
15K295,94.57%
15K321,96.05%
15K418,95.56%
15K423,73.02%
15K429,90.96%
15K442,94.96%
15K443,95.38%
15K447,96.61%
15K448,84.26%
15K462,84.49%
15K463,81.95%
15K464,84.11%
15K497,86.79%
15K516,94.61%
15K519,80.55%
15K529,57.95%
15K592,82.55%
15K656,89.32%
15K667,85.31%
15K676,85.72%
15K684,95.97%
15K698,55.43%
15K821,95.54%
15K839,95.17%
15K896,92.06%
16K005,86.51%
16K021,90.47%
16K025,85.97%
16K026,88.67%
16K028,88.51%
16K035,90.75%
16K040,89.86%
16K057,88.26%
16K081,86.89%
16K243,88.60%
16K262,89.33%
16K267,87.16%
16K308,87.74%
16K309,90.31%
16K335,89.92%
16K455,81.53%
16K498,81.12%
16K627,90.29%
16K628,93.62%
16K669,52.01%
16K681,91.40%
16K688,84.49%
16K765,73.04%
16K898,94.53%
17K002,93.94%
17K006,91.78%
17K012,88.79%
17K061,90.33%
17K091,91.48%
17K092,88.98%
17K122,77.68%
17K138,90.71%
17K161,91.16%
17K181,90.94%
17K189,93.14%
17K191,88.34%
17K221,89.95%
17K241,92.61%
17K246,90.63%
17K249,94.68%
17K289,86.82%
17K316,93.85%
17K340,92.18%
17K352,91.82%
17K353,90.88%
17K354,92.70%
17K375,91.09%
17K382,83.48%
17K394,90.24%
17K397,92.66%
17K398,89.88%
17K399,89.65%
17K408,83.74%
17K484,91.54%
17K524,87.74%
17K528,86.71%
17K531,85.52%
17K532,92.81%
17K537,86.07%
17K539,83.81%
17K543,92.55%
17K546,92.42%
17K547,90.42%
17K548,83.75%
17K568,63.48%
17K590,90.80%
17K600,87.16%
17K646,49.76%
17K705,93.38%
17K722,93.25%
17K745,91.20%
17K751,86.38%
17K770,93.10%
18K066,93.70%
18K068,91.40%
18K114,90.27%
18K115,93.44%
18K135,92.81%
18K208,91.63%
18K211,90.96%
18K219,90.97%
18K233,90.35%
18K235,95.15%
18K244,89.80%
18K268,91.48%
18K272,88.89%
18K276,92.49%
18K279,92.05%
18K285,89.60%
18K366,92.89%
18K563,89.96%
18K566,90.23%
18K567,80.99%
18K569,86.97%
18K576,85.81%
18K578,62.17%
18K581,92.28%
18K588,92.47%
18K617,82.90%
18K629,85.43%
18K633,89.64%
18K635,62.72%
18K637,85.98%
18K642,78.36%
18K673,72.10%
18K763,95.02%
19K007,92.42%
19K013,88.55%
19K065,92.27%
19K089,94.74%
19K108,92.78%
19K149,89.83%
19K158,89.92%
19K159,90.98%
19K171,92.88%
19K190,86.75%
19K202,87.21%
19K213,86.82%
19K214,90.05%
19K218,88.68%
19K224,86.57%
19K273,88.24%
19K290,91.77%
19K292,89.29%
19K306,88.15%
19K325,87.68%
19K328,89.80%
19K345,90.43%
19K346,91.90%
19K364,90.82%
19K404,84.55%
19K409,85.98%
19K422,86.41%
19K452,92.78%
19K502,74.40%
19K504,78.37%
19K507,87.29%
19K510,76.60%
19K557,90.32%
19K583,89.31%
19K615,80.68%
19K618,88.73%
19K639,83.00%
19K654,89.14%
19K659,86.32%
19K660,77.12%
19K661,93.65%
19K662,92.01%
19K663,88.28%
19K677,88.99%
19K678,92.06%
19K683,81.04%
19K760,91.81%
19K764,86.03%
19K907,92.24%
20K030,95.63%
20K048,94.49%
20K062,94.39%
20K069,97.94%
20K102,95.20%
20K104,95.12%
20K105,98.20%
20K112,94.71%
20K127,95.64%
20K160,97.81%
20K163,94.42%
20K164,95.59%
20K170,96.54%
20K176,97.02%
20K179,93.48%
20K180,96.59%
20K185,95.31%
20K186,95.77%
20K187,98.30%
20K192,93.69%
20K200,93.98%
20K201,96.93%
20K204,96.47%
20K205,95.73%
20K220,96.34%
20K223,95.79%
20K227,96.12%
20K229,96.29%
20K247,95.85%
20K259,96.35%
20K264,95.02%
20K310,98.15%
20K445,87.74%
20K485,94.23%
20K490,90.79%
20K503,94.68%
20K505,84.88%
20K506,94.23%
20K609,88.43%
20K682,95.48%
20K686,95.67%
20K748,95.78%
20K971,95.72%
21K090,90.33%
21K095,94.94%
21K096,94.10%
21K097,95.41%
21K098,95.96%
21K099,90.91%
21K100,93.80%
21K101,95.67%
21K121,94.32%
21K128,94.33%
21K153,93.15%
21K177,93.57%
21K188,86.17%
21K199,92.74%
21K209,93.89%
21K212,91.76%
21K215,93.55%
21K216,92.79%
21K225,91.80%
21K226,94.33%
21K228,94.64%
21K238,92.16%
21K239,96.15%
21K253,94.02%
21K281,94.11%
21K288,87.83%
21K303,92.30%
21K329,88.89%
21K337,87.51%
21K344,85.84%
21K348,74.79%
21K410,86.75%
21K468,89.24%
21K525,90.80%
21K540,91.44%
21K559,83.30%
21K572,81.99%
21K620,82.14%
21K690,85.80%
21K728,49.18%
22K014,91.95%
22K052,92.27%
22K078,94.10%
22K109,92.08%
22K119,94.50%
22K134,95.06%
22K139,93.24%
22K152,93.47%
22K193,94.15%
22K194,91.42%
22K195,93.52%
22K197,93.07%
22K198,91.21%
22K203,92.89%
22K206,95.83%
22K207,94.77%
22K217,92.78%
22K222,95.25%
22K234,93.56%
22K236,94.14%
22K240,93.41%
22K245,94.72%
22K251,90.03%
22K254,94.33%
22K255,93.88%
22K277,94.56%
22K278,93.77%
22K312,93.95%
22K315,93.08%
22K326,93.65%
22K361,90.97%
22K381,94.05%
22K405,92.26%
22K425,93.41%
22K535,95.34%
22K555,94.37%
22K611,83.65%
22K630,58.77%
22K889,93.01%
22K890,96.61%
23K041,86.88%
23K137,89.71%
23K150,86.66%
23K155,87.64%
23K156,89.20%
23K165,86.29%
23K178,86.11%
23K184,87.65%
23K284,89.82%
23K298,89.53%
23K323,88.11%
23K327,86.79%
23K363,86.60%
23K392,95.10%
23K401,84.62%
23K446,86.64%
23K493,84.08%
23K514,86.44%
23K518,90.68%
23K522,90.30%
23K599,92.14%
23K643,63.92%
23K644,90.85%
23K647,60.39%
23K664,87.30%
23K668,87.13%
23K671,90.65%
23K697,74.50%
24Q005,95.88%
24Q007,95.46%
24Q012,95.79%
24Q013,94.95%
24Q014,94.08%
24Q016,95.71%
24Q019,95.57%
24Q028,94.96%
24Q049,95.44%
24Q058,95.49%
24Q061,93.70%
24Q068,92.78%
24Q071,91.54%
24Q073,95.65%
24Q077,92.32%
24Q081,94.58%
24Q087,92.71%
24Q088,92.83%
24Q089,95.18%
24Q091,91.81%
24Q093,94.29%
24Q102,96.00%
24Q110,94.95%
24Q113,95.17%
24Q119,95.78%
24Q125,95.22%
24Q128,95.60%
24Q143,93.94%
24Q153,94.00%
24Q199,92.70%
24Q211,93.57%
24Q229,94.93%
24Q236,87.13%
24Q239,93.21%
24Q264,93.27%
24Q267,90.37%
24Q290,95.03%
24Q293,91.12%
24Q296,93.07%
24Q299,96.47%
24Q305,93.55%
24Q307,95.99%
24Q311,95.85%
24Q330,94.20%
24Q343,93.14%
24Q455,89.10%
24Q485,83.47%
24Q520,93.17%
24Q530,91.83%
24Q550,91.28%
24Q560,88.13%
24Q585,93.31%
24Q600,92.18%
24Q610,97.37%
24Q744,57.64%
25Q020,95.26%
25Q021,95.35%
25Q022,96.08%
25Q024,96.85%
25Q025,96.83%
25Q029,94.27%
25Q032,95.77%
25Q079,96.02%
25Q107,94.82%
25Q120,96.48%
25Q129,94.94%
25Q130,95.05%
25Q154,94.56%
25Q163,96.29%
25Q164,94.72%
25Q165,93.34%
25Q169,94.93%
25Q184,95.82%
25Q185,96.41%
25Q189,96.95%
25Q193,94.67%
25Q194,95.41%
25Q200,93.36%
25Q201,92.00%
25Q209,96.19%
25Q214,95.73%
25Q219,94.93%
25Q237,96.19%
25Q240,88.84%
25Q241,93.35%
25Q242,95.57%
25Q244,96.29%
25Q250,92.62%
25Q252,91.16%
25Q263,88.14%
25Q281,91.45%
25Q285,89.49%
25Q294,95.94%
25Q379,95.18%
25Q425,84.45%
25Q460,84.30%
25Q499,97.06%
25Q525,97.27%
25Q540,52.18%
25Q670,89.40%
25Q792,58.44%
26Q018,95.81%
26Q026,94.27%
26Q031,95.53%
26Q041,96.19%
26Q046,95.97%
26Q067,97.38%
26Q074,97.26%
26Q094,96.74%
26Q098,95.83%
26Q115,95.48%
26Q133,95.36%
26Q158,96.74%
26Q159,96.62%
26Q162,96.49%
26Q172,96.29%
26Q173,96.08%
26Q178,95.33%
26Q186,94.79%
26Q188,96.88%
26Q191,94.96%
26Q203,96.68%
26Q205,96.15%
26Q213,93.82%
26Q216,96.70%
26Q221,96.34%
26Q266,95.00%
26Q315,85.65%
26Q376,93.67%
26Q415,91.52%
26Q430,91.66%
26Q435,87.82%
26Q495,92.95%
26Q566,90.31%
27Q042,86.95%
27Q043,88.97%
27Q045,91.58%
27Q047,93.50%
27Q051,90.39%
27Q053,89.64%
27Q056,94.46%
27Q060,92.83%
27Q062,93.86%
27Q063,92.32%
27Q064,93.69%
27Q065,91.42%
27Q066,93.17%
27Q090,93.60%
27Q096,93.95%
27Q097,93.52%
27Q100,92.95%
27Q104,91.88%
27Q105,88.80%
27Q106,88.38%
27Q108,94.03%
27Q114,94.53%
27Q123,93.19%
27Q124,94.19%
27Q137,93.49%
27Q146,93.74%
27Q155,94.09%
27Q183,87.95%
27Q197,91.88%
27Q202,94.50%
27Q207,94.41%
27Q210,92.64%
27Q223,91.14%
27Q226,91.59%
27Q232,94.17%
27Q253,91.58%
27Q254,93.93%
27Q260,78.41%
27Q261,53.45%
27Q262,88.45%
27Q273,92.36%
27Q282,96.90%
27Q297,94.13%
27Q302,84.78%
27Q306,92.34%
27Q308,93.24%
27Q309,84.27%
27Q314,84.07%
27Q316,93.39%
27Q317,93.57%
27Q318,89.33%
27Q319,91.43%
27Q323,92.14%
27Q324,77.68%
27Q333,94.39%
27Q334,85.24%
27Q351,80.07%
27Q362,93.17%
27Q377,89.57%
27Q400,88.40%
27Q475,87.02%
27Q480,86.52%
27Q650,93.87%
28Q008,91.86%
28Q040,90.32%
28Q048,91.99%
28Q050,93.11%
28Q054,92.74%
28Q055,92.73%
28Q072,90.38%
28Q080,92.20%
28Q082,94.46%
28Q086,92.52%
28Q099,94.48%
28Q101,95.41%
28Q117,92.12%
28Q121,92.23%
28Q139,94.80%
28Q140,90.50%
28Q144,95.29%
28Q157,93.92%
28Q160,90.53%
28Q161,92.81%
28Q167,91.38%
28Q174,95.18%
28Q175,93.25%
28Q182,93.01%
28Q190,94.25%
28Q217,92.18%
28Q220,94.25%
28Q284,90.82%
28Q287,90.81%
28Q303,96.32%
28Q310,85.14%
28Q312,93.54%
28Q325,86.56%
28Q328,84.60%
28Q332,90.76%
28Q338,65.35%
28Q349,91.96%
28Q350,89.96%
28Q354,92.66%
28Q358,93.89%
28Q440,88.51%
28Q505,86.32%
28Q620,93.90%
28Q680,91.97%
28Q686,91.78%
28Q687,97.09%
28Q690,86.84%
28Q896,90.93%
29Q015,92.72%
29Q033,94.07%
29Q034,93.08%
29Q035,93.33%
29Q036,92.37%
29Q037,90.77%
29Q038,93.00%
29Q052,89.75%
29Q059,90.30%
29Q095,90.33%
29Q109,93.44%
29Q116,90.64%
29Q118,92.91%
29Q131,93.97%
29Q132,92.27%
29Q134,91.51%
29Q135,93.14%
29Q136,91.13%
29Q138,91.70%
29Q147,92.14%
29Q156,87.26%
29Q176,94.60%
29Q181,91.43%
29Q192,96.14%
29Q195,91.84%
29Q208,95.94%
29Q238,91.56%
29Q243,87.41%
29Q248,81.05%
29Q251,92.89%
29Q259,88.88%
29Q265,86.63%
29Q268,93.77%
29Q270,94.97%
29Q272,84.86%
29Q283,85.12%
29Q289,91.27%
29Q295,94.97%
29Q313,84.95%
29Q326,87.31%
29Q327,87.18%
29Q355,93.28%
29Q356,89.91%
29Q360,95.62%
29Q492,83.60%
29Q498,85.83%
30Q002,94.49%
30Q010,94.25%
30Q011,94.87%
30Q017,92.67%
30Q069,95.26%
30Q070,93.94%
30Q076,91.40%
30Q078,94.34%
30Q084,93.05%
30Q085,94.07%
30Q092,95.55%
30Q111,89.36%
30Q112,90.51%
30Q122,95.23%
30Q126,93.17%
30Q127,93.01%
30Q141,95.02%
30Q145,95.15%
30Q148,94.45%
30Q149,95.25%
30Q150,94.48%
30Q151,93.26%
30Q152,95.36%
30Q166,95.12%
30Q171,90.22%
30Q204,92.54%
30Q212,94.73%
30Q222,92.70%
30Q227,96.02%
30Q228,94.02%
30Q230,95.17%
30Q234,93.74%
30Q235,95.17%
30Q258,90.86%
30Q280,94.89%
30Q286,91.09%
30Q291,95.47%
30Q300,96.70%
30Q301,93.35%
30Q329,94.15%
30Q361,94.70%
30Q384,91.24%
30Q445,87.93%
30Q450,87.77%
30Q501,92.57%
30Q502,88.33%
30Q555,88.85%
30Q575,92.70%
30Q580,94.09%
31R001,93.20%
31R002,92.95%
31R003,94.76%
31R004,94.01%
31R005,95.03%
31R006,93.91%
31R007,93.90%
31R008,94.25%
31R009,95.76%
31R010,89.89%
31R011,93.29%
31R013,93.46%
31R016,90.23%
31R018,89.49%
31R019,91.81%
31R020,92.81%
31R021,90.40%
31R022,91.88%
31R023,94.92%
31R024,94.49%
31R026,93.96%
31R027,91.25%
31R028,88.86%
31R029,94.79%
31R030,94.20%
31R031,89.61%
31R032,93.61%
31R034,93.33%
31R035,95.20%
31R036,94.84%
31R038,93.60%
31R039,92.34%
31R041,94.09%
31R042,94.50%
31R044,88.95%
31R045,92.99%
31R046,91.86%
31R047,94.97%
31R048,94.98%
31R049,91.05%
31R050,94.20%
31R051,90.28%
31R052,94.47%
31R053,94.29%
31R054,93.96%
31R055,94.02%
31R056,94.71%
31R057,90.75%
31R058,93.60%
31R059,93.54%
31R060,93.70%
31R061,90.04%
31R062,94.18%
31R063,94.60%
31R064,91.46%
31R065,94.49%
31R068,91.55%
31R069,94.98%
31R072,93.93%
31R074,88.48%
31R075,94.55%
31R078,89.88%
31R080,90.96%
31R440,91.29%
31R445,83.75%
31R450,85.88%
31R455,91.58%
31R460,90.65%
31R470,61.41%
31R600,83.68%
31R605,96.34%
31R861,93.07%
32K045,91.93%
32K075,89.13%
32K086,94.16%
32K106,90.66%
32K116,92.48%
32K123,93.96%
32K145,93.09%
32K151,94.24%
32K162,92.55%
32K168,90.29%
32K274,91.67%
32K291,89.63%
32K299,92.57%
32K347,91.11%
32K349,92.35%
32K376,94.15%
32K377,90.99%
32K383,94.51%
32K384,91.41%
32K403,83.76%
32K545,82.95%
32K549,79.10%
32K552,90.40%
32K554,91.38%
32K556,82.91%
32K562,94.91%
32K564,59.84%
75K004,86.88%
75K036,83.25%
75K053,86.64%
75K077,90.39%
75K140,85.65%
75K141,82.57%
75K231,89.41%
75K368,78.19%
75K369,84.64%
75K370,88.58%
75K371,69.98%
75K372,94.03%
75K373,82.03%
75K396,84.33%
75K721,83.48%
75K753,61.86%
75K771,85.69%
75K811,81.85%
75M079,74.74%
75M094,87.10%
75M138,81.89%
75M169,84.75%
75M226,87.17%
75M721,84.16%
75M751,73.86%
75M811,85.32%
75Q004,90.99%
75Q009,85.50%
75Q075,87.47%
75Q177,88.89%
75Q224,88.70%
75Q233,86.67%
75Q255,91.41%
75Q277,88.73%
75Q721,83.91%
75Q752,72.25%
75Q811,86.88%
75Q993,86.82%
75R025,76.97%
75R037,88.14%
75R373,89.39%
75R721,86.03%
75X010,84.02%
75X012,83.03%
75X017,85.47%
75X168,84.66%
75X176,88.96%
75X186,81.98%
75X188,85.80%
75X352,85.41%
75X469,85.92%
75X596,90.75%
75X721,83.81%
75X754,59.43%
75X811,82.50%
79M331,41.51%
79Q344,30.07%
79X695,74.28%